{"minzoom":0,"maxzoom":9,"center":[114.960938,4.565388,9.0],"bounds":[114.074463,4.002448,115.36396,5.045912]}