{"minzoom":0,"maxzoom":8,"center":[114.609375,4.915464,8.0],"bounds":[114.074463,4.002448,115.36396,5.045912]}